id,first_name,email,ip_address,date,buzzword,country
1,Gawain,gchristoffels0@dyndns.org,99.91.57.39,2/2/2019,modular,Poland
2,Meridel,mtokley1@guardian.co.uk,209.57.186.236,4/20/2019,logistical,Indonesia
3,Roanna,rflounders2@sohu.com,184.3.140.141,10/9/2019,Integrated,Indonesia
4,Melva,mannies3@tuttocitta.it,156.80.83.230,5/9/2019,Centralized,Brazil
5,Farr,fwyant4@gravatar.com,37.125.221.183,4/7/2019,value-added,Lithuania
6,Seka,sgilgryst5@printfriendly.com,55.20.154.116,7/24/2019,discrete,Poland
7,Buck,bprivost6@rambler.ru,78.109.114.191,9/17/2019,matrices,Ukraine
8,Mora,mcrickmore7@phoca.cz,229.122.148.248,6/5/2019,encoding,Brazil
9,Rosene,rdearing8@hhs.gov,160.81.176.128,4/15/2019,Secured,Indonesia
10,Kimberly,kryton9@mayoclinic.com,20.178.97.194,9/1/2019,Re-contextualized,Mali
11,Margery,mandrichuka@arizona.edu,124.187.148.254,9/26/2019,radical,Canada
12,Lowe,lrisbridgeb@businessinsider.com,75.76.234.29,12/1/2018,Pre-emptive,Philippines
13,Rosene,rstridec@hugedomains.com,48.22.97.252,7/1/2019,fault-tolerant,China
14,Britt,badamovitzd@amazon.com,6.9.52.14,3/26/2019,Horizontal,Indonesia
15,Cchaddie,cbrechee@miitbeian.gov.cn,123.85.19.139,12/1/2018,structure,Indonesia
16,Laurel,lpermainf@wufoo.com,230.241.34.226,8/18/2019,Mandatory,Indonesia
17,Reube,rlindholmg@bizjournals.com,165.49.160.146,10/8/2019,bi-directional,Brazil
18,Merle,mtwaitsh@harvard.edu,239.42.135.231,7/1/2019,concept,Philippines
19,Henderson,hmungani@europa.eu,152.250.225.220,5/7/2019,core,Portugal
20,Trenna,tbrocklesbyj@goodreads.com,43.151.149.4,11/11/2018,internet solution,Philippines
21,Jacky,jdouglissk@wordpress.org,71.50.121.23,3/26/2019,systematic,Russia
22,Indira,ihearthfieldl@a8.net,8.119.144.76,12/25/2018,orchestration,Chile
23,Elvina,earonowitzm@barnesandnoble.com,250.126.33.179,5/21/2019,homogeneous,China
24,Brok,bcastanedan@feedburner.com,159.178.40.145,1/5/2019,Progressive,Indonesia
25,Virgina,vworcestero@npr.org,40.32.227.121,6/23/2019,Virtual,Peru
26,Fae,fnicklinsonp@nytimes.com,98.228.190.70,10/7/2019,initiative,Indonesia
27,Sherwin,srubinfeldq@miibeian.gov.cn,23.9.80.83,12/31/2018,non-volatile,Greece
28,Becki,blambartonr@skype.com,226.21.242.215,9/24/2019,archive,Portugal
29,Levy,lkoubus@imgur.com,140.0.66.98,4/9/2019,Balanced,Mexico
30,Selena,scicchettot@sogou.com,223.9.28.40,6/19/2019,fresh-thinking,Mexico
31,Ker,kkohlertu@pinterest.com,166.76.96.50,12/4/2018,toolset,Niger
32,Kessiah,kwayev@cloudflare.com,120.24.173.143,12/12/2018,Profit-focused,Afghanistan
33,Waylin,whallittw@netscape.com,59.19.94.58,7/10/2019,bandwidth-monitored,Russia
34,Salmon,shoylandx@icio.us,85.252.136.184,1/1/2019,Customizable,China
35,Raffarty,rcafferyy@livejournal.com,187.232.206.172,4/29/2019,background,Ethiopia
36,Gillian,gbruyettz@biglobe.ne.jp,1.128.141.77,3/28/2019,Centralized,China
37,Mordecai,msleight10@cafepress.com,223.152.133.77,8/2/2019,contextually-based,Serbia
38,Glyn,gaindriu11@skyrock.com,78.193.170.219,3/18/2019,reciprocal,China
39,Mina,mainsby12@cnet.com,149.233.254.236,11/23/2018,Grass-roots,Pakistan
40,Sena,sroscrigg13@smh.com.au,81.53.105.77,11/22/2018,circuit,Palestinian Territory
41,Sukey,shafford14@fotki.com,239.99.225.229,2/1/2019,Up-sized,Indonesia
42,Toddie,tleipnik15@hhs.gov,13.81.32.175,10/2/2019,encoding,Netherlands
43,Wallie,wcoweuppe16@addtoany.com,159.241.34.20,5/9/2019,Persevering,Philippines
44,Dolores,dpickover17@un.org,197.55.114.29,11/16/2018,directional,China
45,Jonell,jleap18@exblog.jp,172.194.193.11,11/7/2018,instruction set,Italy
46,Velma,vgayforth19@usa.gov,200.100.20.169,11/10/2018,Digitized,Russia
47,Ester,edufour1a@github.io,150.72.193.103,8/1/2019,context-sensitive,Indonesia
48,Moyna,mmatijasevic1b@slashdot.org,28.8.101.31,12/20/2018,time-frame,Portugal
49,Farrell,fganforth1c@engadget.com,107.195.212.22,9/22/2019,Versatile,Thailand
50,Janie,jconnue1d@myspace.com,51.37.17.154,12/30/2018,emulation,Malaysia
51,Matelda,mdocwra1e@latimes.com,245.197.113.64,12/20/2018,info-mediaries,China
52,Ripley,rgiacomucci1f@yahoo.co.jp,105.88.175.93,9/23/2019,artificial intelligence,Bosnia and Herzegovina
53,Sax,scudd1g@census.gov,253.149.171.92,8/3/2019,context-sensitive,Poland
54,Moyra,mminichillo1h@psu.edu,170.52.103.140,1/16/2019,internet solution,China
55,Godart,gharbron1i@networksolutions.com,56.15.154.191,5/22/2019,budgetary management,United States
56,Aila,ascoterbosh1j@shinystat.com,98.47.3.245,4/23/2019,explicit,Egypt
57,Filip,fcammack1k@technorati.com,152.34.2.50,1/6/2019,Polarised,Portugal
58,Barbi,bhardingham1l@yelp.com,22.29.100.147,11/2/2018,national,China
59,Zarla,zclare1m@wunderground.com,70.108.36.216,4/22/2019,5th generation,Finland
60,Eileen,ethwaite1n@xinhuanet.com,160.113.67.94,1/23/2019,software,China
61,Dorree,dbrosenius1o@cbslocal.com,230.120.216.183,2/4/2019,encompassing,Marshall Islands
62,Maude,mdacth1p@stumbleupon.com,172.126.237.244,10/10/2019,User-friendly,Russia
63,Vitoria,vfildery1q@eventbrite.com,69.24.89.215,10/25/2018,Optimized,China
64,Steffie,slaurance1r@bigcartel.com,7.171.229.47,4/22/2019,multi-state,Finland
65,Annelise,abereford1s@aol.com,253.178.216.41,12/25/2018,eco-centric,Indonesia
66,Ludovico,lrapo1t@cafepress.com,135.229.247.60,9/23/2019,flexibility,Czech Republic
67,Ardra,adufall1u@4shared.com,210.95.249.31,12/31/2018,time-frame,Russia
68,Link,lsawnwy1v@nyu.edu,159.201.37.160,9/11/2019,projection,Greece
69,Maximilianus,mgrinston1w@mail.ru,215.220.145.134,4/24/2019,neural-net,United States
70,Vasilis,vjakubovics1x@ameblo.jp,217.60.64.209,10/14/2019,neutral,Germany
71,Jacquenette,jmatthai1y@simplemachines.org,224.136.39.174,8/2/2019,projection,Japan
72,Tiler,tmant1z@engadget.com,177.178.151.44,12/28/2018,Front-line,Indonesia
73,Allyn,amuzzlewhite20@technorati.com,0.102.153.187,4/9/2019,disintermediate,Indonesia
74,Brynna,brait21@ucoz.ru,44.186.84.3,3/16/2019,benchmark,Poland
75,Jamie,jpawlicki22@ocn.ne.jp,92.50.217.5,12/12/2018,cohesive,China
76,Jefferson,jricci23@youtube.com,70.146.135.222,8/19/2019,well-modulated,Kazakhstan
77,Candida,cfielden24@wikia.com,160.231.131.192,9/28/2019,Team-oriented,China
78,Clementine,cbaude25@drupal.org,247.207.7.192,4/14/2019,Optional,Peru
79,Celine,cgarman26@skype.com,185.81.84.203,12/15/2018,emulation,Poland
80,Britteny,bblunsum27@spotify.com,68.45.248.39,11/26/2018,responsive,Brazil
81,Randene,rroddick28@123-reg.co.uk,54.46.35.1,7/8/2019,heuristic,Guatemala
82,Joannes,jcauser29@jigsy.com,172.235.53.66,2/17/2019,Implemented,Togo
83,Norton,nsheward2a@amazon.co.jp,69.53.97.150,11/16/2018,interface,Ukraine
84,Freda,fbelitz2b@symantec.com,7.180.123.149,2/25/2019,leading edge,Indonesia
85,Kerri,kosuaird2c@google.it,61.15.37.249,12/17/2018,explicit,Palestinian Territory
86,Jemima,jcolumbell2d@china.com.cn,60.95.143.140,2/14/2019,pricing structure,Portugal
87,Aldous,alarosa2e@ihg.com,46.167.219.132,2/21/2019,algorithm,Lithuania
88,Jackqueline,jferrarini2f@purevolume.com,85.38.213.80,4/6/2019,time-frame,Russia
89,Glendon,gskingle2g@dailymail.co.uk,11.235.152.54,10/7/2019,intranet,Angola
90,Sonia,skincade2h@reddit.com,211.55.35.242,11/3/2018,synergy,Iran
91,Kameko,kgreenhough2i@cloudflare.com,217.92.62.34,9/8/2019,ability,Indonesia
92,Jilli,jmurrock2j@gizmodo.com,8.128.175.126,12/23/2018,optimal,Morocco
93,Griselda,gmccurley2k@dagondesign.com,33.78.251.142,10/23/2018,modular,Croatia
94,Hinda,hkeysel2l@stanford.edu,124.123.30.230,11/16/2018,client-server,Japan
95,Rosalie,rgoggins2m@liveinternet.ru,113.15.13.15,1/17/2019,circuit,Greece
96,Briny,bannes2n@ebay.com,150.200.119.47,8/11/2019,Optimized,Canada
97,Fanchette,flyven2o@telegraph.co.uk,91.194.85.132,2/17/2019,Profound,New Zealand
98,Barbette,bwilcot2p@opera.com,200.55.95.219,11/17/2018,software,Canada
99,Cara,cgleadhell2q@java.com,248.153.18.15,8/17/2019,methodology,Thailand
100,Hilde,hcazereau2r@uiuc.edu,32.27.100.23,10/24/2018,Operative,Norway
